,Group,Scores
0,1.0,0.5628095818107999
1,1.0,0.5700228180262408
2,1.0,0.6278667923342759
3,1.0,0.5975482134848258
4,2.0,0.5261063743402354
5,2.0,0.5248406449193851
6,2.0,0.8795161797046811
7,2.0,0.6573911001526359
8,3.0,0.5761266747868453
9,3.0,0.5811614730878187
10,3.0,0.6445177505497958
11,3.0,0.6112021450916132
12,4.0,0.5271619975639464
13,4.0,0.5275048120757775
14,4.0,0.8179390512095508
15,4.0,0.6413746381720761
16,5.0,0.5651644336175395
17,5.0,0.5720598717034925
18,5.0,0.6303801445177506
19,5.0,0.599805694641656
20,6.0,0.533252131546894
21,6.0,0.5304853985793212
22,6.0,0.8446434181589695
23,6.0,0.6516785844140104
24,7.0,0.5753958587088916
25,7.0,0.5756285752294799
26,7.0,0.6797046811184417
27,7.0,0.6233523013757833
28,8.0,0.9003654080389769
29,8.0,0.910004786979416
30,8.0,0.8958529688972667
31,8.0,0.9028734267394919
32,9.0,0.9010150223304912
33,9.0,0.9077800665504674
34,9.0,0.8999371661954131
35,9.0,0.9038416029028948
36,10.0,0.9021518473406415
37,10.0,0.9077263390741034
38,10.0,0.9024505183788878
39,10.0,0.9050807404489958
40,11.0,0.9015834348355664
41,11.0,0.9095677050222505
42,11.0,0.8989946591266101
43,11.0,0.904250276504977
44,12.0,0.9036134794965489
45,12.0,0.907090080176073
46,12.0,0.906377631165567
47,12.0,0.9067337157224797
48,13.0,0.9022330491270808
49,13.0,0.9060730018879799
50,13.0,0.9046497015394283
51,13.0,0.9053607923282504
52,14.0,0.9024766544863987
53,14.0,0.9059896242729131
54,14.0,0.9052780395852968
55,14.0,0.9056336921505461
56,15.0,0.9027202598457166
57,15.0,0.9086021505376344
58,15.0,0.902607602890355
59,15.0,0.9055949566587864
60,16.0,0.6527811611855461
61,16.0,0.6519337016574586
62,16.0,0.7043669494187873
63,16.0,0.6771368166717004
64,17.0,0.6629313844904587
65,17.0,0.6676252459512638
66,17.0,0.692899780081684
67,17.0,0.6800277499421876
68,18.0,0.6560292326431182
69,18.0,0.6606334841628959
70,18.0,0.6880301602262017
71,18.0,0.6740535549399815
72,19.0,0.6680470970361347
73,19.0,0.6721584038694075
74,19.0,0.6985548224945021
75,19.0,0.6851024495455245
76,20.0,0.6526999593991067
77,20.0,0.6564325295791523
78,20.0,0.6885014137606033
79,20.0,0.6720846431035805
80,21.0,0.6619569630531872
81,21.0,0.665167191482981
82,21.0,0.6968268928683632
83,21.0,0.6806290755657844
84,22.0,0.6541615915550142
85,22.0,0.6622516556291391
86,22.0,0.6754633993088281
87,22.0,0.6687922855587527
88,23.0,0.6639058059277304
89,23.0,0.6702339091881975
90,23.0,0.6886584982720704
91,23.0,0.6793212985201829
92,24.0,0.9032886723507917
93,24.0,0.9109099571224393
94,24.0,0.9010367577756834
95,24.0,0.9059464581852641
96,25.0,0.9019894437677629
97,25.0,0.9113379046404082
98,25.0,0.8977379830348727
99,25.0,0.9044868244045263
100,26.0,0.9039382866423061
101,26.0,0.9115451802445609
102,26.0,0.901665095821552
103,26.0,0.9065782200110558
104,27.0,0.9027202598457166
105,27.0,0.9098984771573604
106,27.0,0.9010367577756834
107,27.0,0.9054459352801895
108,28.0,0.9029638652050345
109,28.0,0.9102014913533238
110,28.0,0.9011938422871505
111,28.0,0.9056752703449364
112,29.0,0.9024766544863987
113,29.0,0.908300395256917
114,29.0,0.9024505183788878
115,29.0,0.9053660074068237
116,30.0,0.9045066991473812
117,30.0,0.9116434010152284
118,30.0,0.9027646874018221
119,30.0,0.907182320441989
120,31.0,0.9023954526999594
121,31.0,0.9088030398986701
122,31.0,0.901665095821552
123,31.0,0.9052199968459235
124,32.0,0.9438895655704426
125,32.0,0.9432901109201687
126,32.0,0.9484762802387685
127,32.0,0.9458760867862457
128,33.0,0.9437271619975639
129,33.0,0.9396992714307859
130,33.0,0.9522463085139805
131,33.0,0.9459311851447296
132,34.0,0.9438083637840032
133,34.0,0.9441139636819036
134,34.0,0.9473766886584982
135,34.0,0.94574251215305
136,35.0,0.9441331709297605
137,35.0,0.9448448762143529
138,35.0,0.9472196041470311
139,35.0,0.9460307499215563
140,36.0,0.9441331709297605
141,36.0,0.9441489361702128
142,36.0,0.9480050267043669
143,36.0,0.9460730522025396
144,37.0,0.9433211530653675
145,37.0,0.9389714993804213
146,37.0,0.9522463085139805
147,37.0,0.9455623147714866
148,38.0,0.9444579780755177
149,38.0,0.9459968602825746
150,38.0,0.9465912661011624
151,38.0,0.9462939698492462
152,39.0,0.9441331709297605
153,39.0,0.9422118380062305
154,39.0,0.9502042098649073
155,39.0,0.9461911465665572
156,40.0,0.944295574502639
157,40.0,0.9407200496585971
158,40.0,0.9522463085139805
159,40.0,0.946448087431694
160,41.0,0.9436459602111247
161,41.0,0.9425717852684145
162,41.0,0.9487904492617028
163,41.0,0.9456708940034445
164,42.0,0.9435647584246853
165,42.0,0.9422866947434098
166,42.0,0.94894753377317
167,42.0,0.945605384675589
168,43.0,0.9440519691433211
169,43.0,0.9445575567736884
170,43.0,0.9473766886584982
171,43.0,0.9459650223511881
172,44.0,0.9438083637840032
173,44.0,0.9424516531503431
174,44.0,0.9492617027961043
175,44.0,0.9458444200970418
176,45.0,0.9440519691433211
177,45.0,0.9430310597783674
178,45.0,0.9491046182846371
179,45.0,0.9460580912863071
180,46.0,0.9442143727161998
181,46.0,0.9431871390666459
182,46.0,0.9492617027961043
183,46.0,0.946214671572849
184,47.0,0.9437271619975639
185,47.0,0.943272386310361
186,47.0,0.9481621112158342
187,47.0,0.945710928319624
188,48.0,0.9442143727161998
189,48.0,0.9433255269320843
190,48.0,0.9491046182846371
191,48.0,0.9462062485318299
192,49.0,0.9440519691433211
193,49.0,0.9440012513686845
194,49.0,0.9480050267043669
195,49.0,0.945998902735324
196,50.0,0.944295574502639
197,50.0,0.9433343740243522
198,50.0,0.9492617027961043
199,50.0,0.9462887566551833
200,51.0,0.9438895655704426
201,51.0,0.9410850303124514
202,51.0,0.9509896324222432
203,51.0,0.9460114071411828
204,52.0,0.9439707673568819
205,52.0,0.9442705072010019
206,52.0,0.9475337731699655
207,52.0,0.9458993257017406
208,53.0,0.9446203816483962
209,53.0,0.943923773820681
210,53.0,0.9492617027961043
211,53.0,0.9465852130325814
212,54.0,0.944295574502639
213,54.0,0.9433343740243522
214,54.0,0.9492617027961043
215,54.0,0.9462887566551833
216,55.0,0.9439707673568819
217,55.0,0.9406832298136646
218,55.0,0.9516179704681118
219,55.0,0.9461190067156021
220,56.0,0.9435647584246853
221,56.0,0.9446448173122157
222,56.0,0.946277097078228
223,56.0,0.94546025268775
224,57.0,0.9442143727161998
225,57.0,0.9422208378757203
226,57.0,0.9503612943763745
227,57.0,0.9462735590834441
228,58.0,0.9440519691433211
229,58.0,0.9440012513686845
230,58.0,0.9480050267043669
231,58.0,0.945998902735324
232,59.0,0.9448639870077141
233,59.0,0.9435345499922009
234,59.0,0.9502042098649073
235,59.0,0.9468576348125538
236,60.0,0.9447015834348356
237,60.0,0.9425502101821579
238,60.0,0.9509896324222432
239,60.0,0.9467511142387991
240,61.0,0.9446203816483962
241,61.0,0.9433697347893916
242,61.0,0.9498900408419729
243,61.0,0.9466186599874765
244,62.0,0.9444579780755177
245,62.0,0.9429373246024322
246,62.0,0.9500471253534402
247,62.0,0.9464788732394366
248,63.0,0.9446203816483962
249,63.0,0.9440625
250,63.0,0.9491046182846371
251,63.0,0.9465768447438508
252,64.0,0.9425091352009745
253,64.0,0.9418931583880038
254,64.0,0.9472196041470311
255,64.0,0.9445488721804511
256,65.0,0.9438083637840032
257,65.0,0.9387565728425611
258,65.0,0.9535029846057179
259,65.0,0.9460723192019951
260,66.0,0.9423467316280958
261,66.0,0.942151344590369
262,66.0,0.9465912661011624
263,66.0,0.9443660868202477
264,67.0,0.9438083637840032
265,67.0,0.9391640866873066
266,67.0,0.9530317310713163
267,67.0,0.9460470918446905
268,68.0,0.942671538773853
269,68.0,0.9420493595751328
270,68.0,0.9473766886584982
271,68.0,0.9447055137844611
272,69.0,0.942671538773853
273,69.0,0.9416354556803995
274,69.0,0.9478479421928998
275,69.0,0.9447314858305934
276,70.0,0.9425903369874137
277,70.0,0.9419022333281274
278,70.0,0.9473766886584982
279,70.0,0.9446315294854725
280,71.0,0.9438083637840032
281,71.0,0.9383498145859085
282,71.0,0.9539742381401194
283,71.0,0.9460975229786571
284,72.0,0.9435647584246853
285,72.0,0.9385924207269914
286,72.0,0.9531888155827836
287,72.0,0.9458343075364352
288,73.0,0.943483556638246
289,73.0,0.9421397379912664
290,73.0,0.94894753377317
291,73.0,0.9455313820629205
292,74.0,0.9430775477060496
293,74.0,0.9414056412653888
294,74.0,0.94894753377317
295,74.0,0.9451615426738637
296,75.0,0.9437271619975639
297,75.0,0.9413412167418702
298,75.0,0.9503612943763745
299,75.0,0.945829750644884
300,76.0,0.9436459602111247
301,76.0,0.9391452462062558
302,76.0,0.952717562048382
303,76.0,0.9458827199001871
304,77.0,0.9434023548518068
305,77.0,0.9399348129753221
306,77.0,0.9513038014451775
307,77.0,0.9455851354516356
308,78.0,0.9432399512789281
309,78.0,0.9418368938094496
310,78.0,0.9487904492617028
311,78.0,0.9453008842632444
312,79.0,0.9442143727161998
313,79.0,0.9437412095639943
314,79.0,0.9486333647502356
315,79.0,0.9461809635722679
316,80.0,0.9428339423467317
317,80.0,0.9411031473979433
318,80.0,0.9487904492617028
319,80.0,0.9449311639549437
320,81.0,0.9430775477060496
321,81.0,0.9408560311284047
322,81.0,0.9495758718190387
323,81.0,0.9451958408255805
324,82.0,0.9431587494924888
325,82.0,0.9373263352886694
326,82.0,0.9538171536286523
327,82.0,0.9454998442852693
328,83.0,0.9430775477060496
329,83.0,0.9401709401709402
330,83.0,0.9503612943763745
331,83.0,0.9452386532302164
332,84.0,0.9429963459196102
333,84.0,0.93961502638932
334,84.0,0.950832547910776
335,84.0,0.9451905059337914
336,85.0,0.9429151441331709
337,85.0,0.9405632487941497
338,85.0,0.9495758718190387
339,85.0,0.9450480731650122
340,86.0,0.9427527405602923
341,86.0,0.9417824254721399
342,86.0,0.9478479421928998
343,86.0,0.9448054489939717
344,87.0,0.9431587494924888
345,87.0,0.9411398318280909
346,87.0,0.9494187873075715
347,87.0,0.9452611823584611
348,88.0,0.9435647584246853
349,88.0,0.943670787044281
350,88.0,0.9473766886584982
351,88.0,0.9455201066081366
352,89.0,0.9433211530653675
353,89.0,0.9426741643236488
354,89.0,0.9480050267043669
355,89.0,0.9453320802005012
356,90.0,0.9437271619975639
357,90.0,0.9425807458261819
358,90.0,0.94894753377317
359,90.0,0.9457534246575343
360,91.0,0.9429151441331709
361,91.0,0.9422145869123848
362,91.0,0.9476908576814326
363,91.0,0.944944788158822
364,92.0,0.9427527405602923
365,92.0,0.9420584101202562
366,92.0,0.9475337731699655
367,92.0,0.9447881588221474
368,93.0,0.9438083637840032
369,93.0,0.9393000929080211
370,93.0,0.9528746465598492
371,93.0,0.9460386774797255
372,94.0,0.9428339423467317
373,94.0,0.9406911581569116
374,94.0,0.9492617027961043
375,94.0,0.9449569976544174
376,95.0,0.9432399512789281
377,95.0,0.9390980939098094
378,95.0,0.9519321394910462
379,95.0,0.9454715656447461
380,96.0,0.9442143727161998
381,96.0,0.9423586228384484
382,96.0,0.9502042098649073
383,96.0,0.9462651544779037
384,97.0,0.9433211530653675
385,97.0,0.9374807039209633
386,97.0,0.9539742381401194
387,97.0,0.9456555590158829
388,98.0,0.9433211530653675
389,98.0,0.940883634100809
390,98.0,0.9500471253534402
391,98.0,0.9454431764889791
392,99.0,0.9436459602111247
393,99.0,0.9403726708074535
394,99.0,0.9513038014451775
395,99.0,0.9458066531313447
396,100.0,0.9437271619975639
397,100.0,0.9431338853304171
398,100.0,0.9483191957273013
399,100.0,0.9457194329129788
400,101.0,0.9442143727161998
401,101.0,0.9429106223678053
402,101.0,0.9495758718190387
403,101.0,0.9462315097440714
404,102.0,0.9438895655704426
405,102.0,0.9430132708821234
406,102.0,0.9487904492617028
407,102.0,0.9458930389162947
408,103.0,0.9435647584246853
409,103.0,0.9402266728768824
410,103.0,0.9513038014451775
411,103.0,0.9457328023737019
412,104.0,0.944295574502639
413,104.0,0.9404466501240695
414,104.0,0.9525604775369149
415,104.0,0.9464648041204932
416,105.0,0.9434023548518068
417,105.0,0.9411673151750973
418,105.0,0.9498900408419729
419,105.0,0.9455085607067469
420,106.0,0.9434023548518068
421,106.0,0.9408928293669311
422,106.0,0.9502042098649073
423,106.0,0.9455255959359125
424,107.0,0.9435647584246853
425,107.0,0.9405002330278079
426,107.0,0.9509896324222432
427,107.0,0.9457158478481607
428,108.0,0.9440519691433211
429,108.0,0.9431693989071038
430,108.0,0.94894753377317
431,108.0,0.9460496437240623
432,109.0,0.9438083637840032
433,109.0,0.9406648027337683
434,109.0,0.9513038014451775
435,109.0,0.9459543892533583
436,110.0,0.9429151441331709
437,110.0,0.9389241977987909
438,110.0,0.9514608859566447
439,110.0,0.9451509713661542
440,111.0,0.9438083637840032
441,111.0,0.9391640866873066
442,111.0,0.9530317310713163
443,111.0,0.9460470918446905
444,112.0,0.9433211530653675
445,112.0,0.9425359150530919
446,112.0,0.9481621112158342
447,112.0,0.9453406421299921
448,113.0,0.9447827852212749
449,113.0,0.9429728887503895
450,113.0,0.9506754633993089
451,113.0,0.9468085106382979
452,114.0,0.9439707673568819
453,114.0,0.942193829853537
454,114.0,0.9498900408419729
455,114.0,0.9460262828535669
456,115.0,0.9443767762890783
457,115.0,0.9448707909162098
458,115.0,0.9476908576814326
459,115.0,0.9462787232373931
460,116.0,0.9444579780755177
461,116.0,0.9434904776771776
462,116.0,0.9494187873075715
463,116.0,0.9464453492013779
464,117.0,0.9443767762890783
465,117.0,0.9437587876894236
466,117.0,0.94894753377317
467,117.0,0.946346048406047
468,118.0,0.944295574502639
469,118.0,0.9419545596016184
470,118.0,0.950832547910776
471,118.0,0.9463727329580989
472,119.0,0.9443767762890783
473,119.0,0.9432048681541582
474,119.0,0.9495758718190387
475,119.0,0.9463796477495108
476,120.0,0.9442143727161998
477,120.0,0.9418079975105026
478,120.0,0.950832547910776
479,120.0,0.9462987571328071
480,121.0,0.9438895655704426
481,121.0,0.9401271909415232
482,121.0,0.9520892240025134
483,121.0,0.9460703972527902
484,122.0,0.944295574502639
485,122.0,0.9444444444444444
486,122.0,0.9480050267043669
487,122.0,0.9462213860144245
488,123.0,0.9441331709297605
489,123.0,0.9422118380062305
490,123.0,0.9502042098649073
491,123.0,0.9461911465665572
492,124.0,0.9443767762890783
493,124.0,0.9427903351519875
494,124.0,0.9500471253534402
495,124.0,0.9464048196541741
496,125.0,0.944539179861957
497,125.0,0.9433608987361523
498,125.0,0.9497329563305058
499,125.0,0.9465362035225049
500,126.0,0.9437271619975639
501,126.0,0.942304693591143
502,126.0,0.9492617027961043
503,126.0,0.9457704045699977
504,127.0,0.9443767762890783
505,127.0,0.9425144103442904
506,127.0,0.9503612943763745
507,127.0,0.9464215877982011
508,128.0,0.8482338611449451
509,128.0,0.854597066708721
510,128.0,0.8512409676405907
511,128.0,0.8529157157472259
512,129.0,0.8483150629313845
513,129.0,0.8555169143218464
514,129.0,0.8501413760603205
515,129.0,0.8528206744405926
516,130.0,0.856272838002436
517,130.0,0.8666241225271218
518,130.0,0.8532830662896639
519,130.0,0.8599018521450055
520,131.0,0.8539179861956963
521,131.0,0.8577471408428639
522,131.0,0.8600377002827522
523,131.0,0.8588908934034042
524,132.0,0.8493706861550954
525,132.0,0.8553647392468883
526,132.0,0.8528118127552623
527,132.0,0.8540863682844333
528,133.0,0.8490458790093383
529,133.0,0.8553855858697367
530,133.0,0.8520263901979265
531,133.0,0.8537026835602424
532,134.0,0.8533495736906211
533,134.0,0.859734932155254
534,134.0,0.8559535029846057
535,134.0,0.8578400503778336
536,135.0,0.8531871701177426
537,135.0,0.8607154162709718
538,135.0,0.8542255733584668
539,135.0,0.8574582150741091
540,136.0,0.9472188388144539
541,136.0,0.9472613458528951
542,136.0,0.950832547910776
543,136.0,0.9490435873314518
544,137.0,0.9460008120178643
545,137.0,0.9454602281606501
546,137.0,0.9503612943763745
547,137.0,0.9479044261652958
548,138.0,0.9434023548518068
549,138.0,0.9336086890010709
550,138.0,0.9586867734841344
551,138.0,0.9459815546772069
552,139.0,0.9465692245229395
553,139.0,0.9444098411709748
554,139.0,0.952717562048382
555,139.0,0.9485455114169533
556,140.0,0.9438083637840032
557,140.0,0.9427278401997503
558,140.0,0.94894753377317
559,140.0,0.9458274620322529
560,141.0,0.9460008120178643
561,141.0,0.9447651739740989
562,141.0,0.9511467169337103
563,141.0,0.947945205479452
564,142.0,0.9459196102314251
565,142.0,0.9437869822485208
566,142.0,0.9520892240025134
567,142.0,0.9479199249296215
568,143.0,0.944295574502639
569,143.0,0.9447228311932352
570,143.0,0.9476908576814326
571,143.0,0.9462045169385194
572,144.0,0.8557856272838003
573,144.0,0.8670825335892515
574,144.0,0.851555136663525
575,144.0,0.85924869234427
576,145.0,0.8577344701583435
577,145.0,0.8653785239151093
578,145.0,0.8583097706566133
579,145.0,0.8618296529968453
580,146.0,0.8604141291108405
581,146.0,0.8692197679961863
582,146.0,0.8592522777254162
583,146.0,0.8642072833557154
584,147.0,0.8609013398294763
585,147.0,0.8693443403714876
586,147.0,0.8601947847942193
587,147.0,0.864745361231741
588,148.0,0.8583840844498579
589,148.0,0.8657803102247547
590,148.0,0.8592522777254162
591,148.0,0.8625039419741406
592,149.0,0.85814047909054
593,149.0,0.8672284941962156
594,149.0,0.8567389255419415
595,149.0,0.8619517977084156
596,150.0,0.8594397076735688
597,150.0,0.8673323823109843
598,150.0,0.8595664467483506
599,150.0,0.8634319526627219
600,151.0,0.8587088915956151
601,151.0,0.8645964691046658
602,151.0,0.8616085453974238
603,151.0,0.8630999213217939
604,152.0,0.9460820138043037
605,152.0,0.9422897921191437
606,152.0,0.9541313226515865
607,152.0,0.9481735872619419
608,153.0,0.9464880227365002
609,153.0,0.9449555590207391
610,153.0,0.9519321394910462
611,153.0,0.9484310196415995
612,154.0,0.9459196102314251
613,154.0,0.9440635712059832
614,154.0,0.951775054979579
615,154.0,0.9479036295369211
616,155.0,0.9456760048721072
617,155.0,0.9458444200970418
618,155.0,0.9492617027961043
619,155.0,0.9475499803998433
620,156.0,0.9459196102314251
621,156.0,0.9464285714285714
622,156.0,0.9491046182846371
623,156.0,0.9477647058823528
624,157.0,0.9455948030856679
625,157.0,0.9448609809434552
626,157.0,0.9502042098649073
627,157.0,0.9475250626566416
628,158.0,0.9456760048721072
629,158.0,0.9434843531060252
630,158.0,0.9519321394910462
631,158.0,0.9476894205958245
632,159.0,0.9454323995127892
633,159.0,0.9438727782974743
634,159.0,0.9509896324222432
635,159.0,0.9474178403755869
636,160.0,0.9650832318311002
637,160.0,0.965495608531995
638,160.0,0.9670122525918945
639,160.0,0.9662533354261498
640,161.0,0.9647584246853431
641,161.0,0.9624259432491425
642,161.0,0.9696826892868363
643,161.0,0.9660406885758999
644,162.0,0.96394640682095
645,162.0,0.9638157894736842
646,162.0,0.9665409990574929
647,162.0,0.9651764705882354
648,163.0,0.9644336175395859
649,163.0,0.963125
650,163.0,0.9682689286836318
651,163.0,0.9656901143662855
652,164.0,0.9635403978887536
653,164.0,0.9627717816361645
654,164.0,0.9668551680804273
655,164.0,0.964809154322439
656,165.0,0.9630531871701178
657,165.0,0.9640445909875962
658,165.0,0.9644989004084197
659,165.0,0.9642716921868866
660,166.0,0.9647584246853431
661,166.0,0.9644534920137802
662,166.0,0.967483506126296
663,166.0,0.9659661229611041
664,167.0,0.9642712139667072
665,167.0,0.9645656945751019
666,167.0,0.9663839145460258
667,167.0,0.965473948524796
668,168.0,0.9619975639464068
669,168.0,0.9630967336683417
670,168.0,0.9633993088281495
671,168.0,0.9632479974870425
672,169.0,0.9654892407632968
673,169.0,0.9661070139651655
674,169.0,0.9671693371033616
675,169.0,0.9666378836643379
676,170.0,0.9635403978887536
677,170.0,0.9620490395127284
678,170.0,0.9676405906377631
679,170.0,0.9648367139165164
680,171.0,0.9630531871701178
681,171.0,0.962157935887412
682,171.0,0.9665409990574929
683,171.0,0.9643444871091608
684,172.0,0.9632155907429963
685,172.0,0.963764705882353
686,172.0,0.9651272384542884
687,172.0,0.9644454909347775
688,173.0,0.9618351603735282
689,173.0,0.9617794486215538
690,173.0,0.9644989004084197
691,173.0,0.9631372549019608
692,174.0,0.9630531871701178
693,174.0,0.9636078431372549
694,174.0,0.9649701539428213
695,174.0,0.9642885173848208
696,175.0,0.9613479496548925
697,175.0,0.9608763693270735
698,175.0,0.9644989004084197
699,175.0,0.962684227030417
700,176.0,0.9628907835972391
701,176.0,0.9627251370399373
702,176.0,0.96559849198869
703,176.0,0.9641596737510784
704,177.0,0.9650832318311002
705,177.0,0.9633156415860131
706,177.0,0.969368520263902
707,177.0,0.9663326025681177
708,178.0,0.9641088103938287
709,178.0,0.9647003451521807
710,178.0,0.9659126610116242
711,178.0,0.9653061224489796
712,179.0,0.962322371092164
713,179.0,0.96066187948798
714,179.0,0.9666980835689601
715,179.0,0.9636705292828062
716,180.0,0.9637840032480715
717,180.0,0.9649701539428213
718,180.0,0.9649701539428213
719,180.0,0.9649701539428213
720,181.0,0.9630531871701178
721,181.0,0.966387880700647
722,181.0,0.961985548224945
723,181.0,0.9641816893647169
724,182.0,0.963134388956557
725,182.0,0.961875
726,182.0,0.9670122525918945
727,182.0,0.9644367852107161
728,183.0,0.9632155907429963
729,183.0,0.9613044156654704
730,183.0,0.9677976751492303
731,183.0,0.9645401174168298
732,184.0,0.96394640682095
733,184.0,0.9636705292828062
734,184.0,0.9666980835689601
735,184.0,0.9651819322459222
736,185.0,0.9624035728786033
737,185.0,0.9641453058657021
738,185.0,0.9630851398052152
739,185.0,0.9636149312377209
740,186.0,0.962322371092164
741,186.0,0.9629745842485096
742,186.0,0.9641847313854854
743,186.0,0.9635792778649922
744,187.0,0.9611043442955745
745,187.0,0.9594193850476042
746,187.0,0.96559849198869
747,187.0,0.9624990213732091
748,188.0,0.9629719853836785
749,188.0,0.9614303560274828
750,188.0,0.9671693371033616
751,188.0,0.964291307752545
752,189.0,0.9599675192854242
753,189.0,0.9597620165962111
754,189.0,0.962928055293748
755,189.0,0.9613424292323375
756,190.0,0.9609419407226959
757,190.0,0.9602690442671672
758,190.0,0.9643418158969526
759,190.0,0.9623011207774903
760,191.0,0.961510353227771
761,191.0,0.9613216410898842
762,191.0,0.9643418158969526
763,191.0,0.9628293601003765
764,192.0,0.9616727568006496
765,192.0,0.9617674710122218
766,192.0,0.9641847313854854
767,192.0,0.9629745842485097
768,193.0,0.9606171335769387
769,193.0,0.960965668600094
770,193.0,0.962928055293748
771,193.0,0.9619458611220085
772,194.0,0.9617539585870889
773,194.0,0.9626432271229006
774,194.0,0.9633993088281495
775,194.0,0.9630211195728979
776,195.0,0.9616727568006496
777,195.0,0.9614782336360789
778,195.0,0.9644989004084197
779,195.0,0.9629861982434127
780,196.0,0.9617539585870889
781,196.0,0.9642463380059852
782,196.0,0.9616713792020107
783,196.0,0.9629571372394811
784,197.0,0.9611855460820138
785,197.0,0.9597126795752654
786,197.0,0.9654414074772227
787,197.0,0.9625685199686765
788,198.0,0.9595615103532278
789,198.0,0.9588676884579294
790,198.0,0.9630851398052152
791,198.0,0.9609717868338559
792,199.0,0.9602111246447422
793,199.0,0.9583463338533541
794,199.0,0.9649701539428213
795,199.0,0.9616468378209143
796,200.0,0.962322371092164
797,200.0,0.9615264310290897
798,200.0,0.9657555765001571
799,200.0,0.9636363636363635
800,201.0,0.9624035728786033
801,201.0,0.9613881506956385
802,201.0,0.9660697455230914
803,201.0,0.9637232625558255
804,202.0,0.9628095818107998
805,202.0,0.9621401752190237
806,202.0,0.9660697455230914
807,202.0,0.9641009562627371
808,203.0,0.9606171335769387
809,203.0,0.9611102399247295
810,203.0,0.9627709707822809
811,203.0,0.9619398885662718
812,204.0,0.9620787657328461
813,204.0,0.9610755041425668
814,204.0,0.9657555765001571
815,204.0,0.9634098566167828
816,205.0,0.9596427121396671
817,205.0,0.959305055564251
818,205.0,0.9627709707822809
819,205.0,0.9610348882791062
820,206.0,0.9608607389362566
821,206.0,0.9594003747657714
822,206.0,0.9651272384542884
823,206.0,0.962255285826155
824,207.0,0.9596427121396671
825,207.0,0.9610369206598586
826,207.0,0.9608859566446748
827,207.0,0.9609614327232738
828,208.0,0.9612667478684531
829,208.0,0.9617374941194919
830,208.0,0.9633993088281495
831,208.0,0.9625676842187868
832,209.0,0.9614291514413317
833,209.0,0.9605942142298671
834,209.0,0.9649701539428213
835,209.0,0.9627772118172558
836,210.0,0.9611855460820138
837,210.0,0.9598562949078413
838,210.0,0.9652843229657556
839,210.0,0.962562656641604
840,211.0,0.9619975639464068
841,211.0,0.9616468378209142
842,211.0,0.9649701539428213
843,211.0,0.963305629606398
844,212.0,0.9612667478684531
845,212.0,0.9597189695550351
846,212.0,0.96559849198869
847,212.0,0.9626497533474276
848,213.0,0.9627283800243606
849,213.0,0.9615564932020628
850,213.0,0.9665409990574929
851,213.0,0.964042303172738
852,214.0,0.9603735282176208
853,214.0,0.9609473023839398
854,214.0,0.9624568017593466
855,214.0,0.9617014597394444
856,215.0,0.9612667478684531
857,215.0,0.9607260209669848
858,215.0,0.9644989004084197
859,215.0,0.9626087638159442
860,216.0,0.9622411693057247
861,216.0,0.9625333124314156
862,216.0,0.9644989004084197
863,216.0,0.9635151039623383
864,217.0,0.962322371092164
865,217.0,0.9629745842485096
866,217.0,0.9641847313854854
867,217.0,0.9635792778649922
868,218.0,0.9607795371498173
869,218.0,0.9605448567402537
870,218.0,0.9637134778510839
871,218.0,0.9621265584568337
872,219.0,0.9594803085667885
873,219.0,0.9591485365471905
874,219.0,0.9626138862708137
875,219.0,0.9608780870246962
876,220.0,0.9606171335769387
877,220.0,0.9613996547936607
878,220.0,0.9624568017593466
879,220.0,0.9619279378287151
880,221.0,0.9601299228583029
881,221.0,0.9600626468285043
882,221.0,0.962928055293748
883,221.0,0.9614932162183358
884,222.0,0.9604547300040601
885,222.0,0.9593686513517737
886,222.0,0.9643418158969526
887,222.0,0.9618488053270663
888,223.0,0.9580998781973203
889,223.0,0.9580331976197933
890,223.0,0.961043041156142
891,223.0,0.9595357590966123
892,224.0,0.9633779943158749
893,224.0,0.9626153605506023
894,224.0,0.9666980835689601
895,224.0,0.9646524022258798
896,225.0,0.9628907835972391
897,225.0,0.9604176406420446
898,225.0,0.9681118441721647
899,225.0,0.9642493937260423
900,226.0,0.9628095818107998
901,226.0,0.9608424336973479
902,226.0,0.967483506126296
903,226.0,0.9641515341264871
904,227.0,0.9633779943158749
905,227.0,0.9604546162229488
906,227.0,0.9690543512409676
907,227.0,0.9647353194151225
908,228.0,0.9629719853836785
909,228.0,0.96229662077597
910,228.0,0.9662268300345586
911,228.0,0.9642577206458692
912,229.0,0.9617539585870889
913,229.0,0.961628817541112
914,229.0,0.9644989004084197
915,229.0,0.9630617206493608
916,230.0,0.9606171335769387
917,230.0,0.9595249257696515
918,230.0,0.9644989004084197
919,230.0,0.9620054837446141
920,231.0,0.9611855460820138
921,231.0,0.9592823712948518
922,231.0,0.9659126610116242
923,231.0,0.962586098935504
924,232.0,0.9632155907429963
925,232.0,0.961448415795224
926,232.0,0.9676405906377631
927,232.0,0.9645345650982541
928,233.0,0.9616727568006496
929,233.0,0.9626373626373627
930,233.0,0.9632422243166824
931,233.0,0.9629396984924624
932,234.0,0.9628095818107998
933,234.0,0.9609862671660424
934,234.0,0.9673264216148287
935,234.0,0.9641459214028495
936,235.0,0.9620787657328461
937,235.0,0.9604996096799375
938,235.0,0.9663839145460258
939,235.0,0.9634327773862658
940,236.0,0.9616727568006496
941,236.0,0.9622020075282308
942,236.0,0.9637134778510839
943,236.0,0.9629571495840527
944,237.0,0.9601299228583029
945,237.0,0.9603510421564018
946,237.0,0.9626138862708137
947,237.0,0.9614811328155644
948,238.0,0.9609419407226959
949,238.0,0.9618584209700204
950,238.0,0.9626138862708137
951,238.0,0.9622360053387768
952,239.0,0.9595615103532278
953,239.0,0.9590112640801002
954,239.0,0.962928055293748
955,239.0,0.960965668600094
956,240.0,0.9632967925294357
957,240.0,0.9624648107600876
958,240.0,0.9666980835689601
959,240.0,0.964576802507837
960,241.0,0.9629719853836785
961,241.0,0.9630209965528047
962,241.0,0.9654414074772227
963,241.0,0.9642296830875432
964,242.0,0.9621599675192855
965,242.0,0.9607935020306154
966,242.0,0.9662268300345586
967,242.0,0.9635025062656641
968,243.0,0.9594803085667885
969,243.0,0.9597241811628271
970,243.0,0.961985548224945
971,243.0,0.9608535341649015
972,244.0,0.9607795371498173
973,244.0,0.9585346843335931
974,244.0,0.9659126610116242
975,244.0,0.9622095297707535
976,245.0,0.9615915550142103
977,245.0,0.9604625722769182
978,245.0,0.9654414074772227
979,245.0,0.9629455542499021
980,246.0,0.9612667478684531
981,246.0,0.9591454857321067
982,246.0,0.9662268300345586
983,246.0,0.9626731356131153
984,247.0,0.9581810799837597
985,247.0,0.9578963844107059
986,247.0,0.9613572101790764
987,247.0,0.959623676989416
988,248.0,0.9610231425091352
989,248.0,0.9594130502653762
990,248.0,0.9654414074772227
991,248.0,0.9624177889132478
992,249.0,0.9610231425091352
993,249.0,0.9605633802816902
994,249.0,0.9641847313854854
995,249.0,0.962370649106303
996,250.0,0.9604547300040601
997,250.0,0.9593686513517737
998,250.0,0.9643418158969526
999,250.0,0.9618488053270663
1000,251.0,0.9572878603329273
1001,251.0,0.95625
1002,251.0,0.9613572101790764
1003,251.0,0.9587968040106534
1004,252.0,0.9608607389362566
1005,252.0,0.9612731263719034
1006,252.0,0.9630851398052152
1007,252.0,0.9621782799748901
1008,253.0,0.9610231425091352
1009,253.0,0.9621545226130653
1010,253.0,0.9624568017593466
1011,253.0,0.9623056384482488
1012,254.0,0.958018676410881
1013,254.0,0.9558846453624318
1014,254.0,0.9632422243166824
1015,254.0,0.95954933103826
1016,255.0,0.9563134388956557
1017,255.0,0.9550281074328545
1018,255.0,0.9607288721332077
1019,255.0,0.9578700078308536
1020,256.0,0.951278928136419
1021,256.0,0.9523062441167242
1022,256.0,0.9535029846057179
1023,256.0,0.9529042386185244
1024,257.0,0.952090946000812
1025,257.0,0.9543738200125865
1026,257.0,0.9528746465598492
1027,257.0,0.9536236440811192
1028,258.0,0.9515225334957369
1029,258.0,0.9544666771703166
1030,258.0,0.9516179704681118
1031,258.0,0.9530401950759064
1032,259.0,0.9518473406414941
1033,259.0,0.953780852067285
1034,259.0,0.9530317310713163
1035,259.0,0.9534061444173803
1036,260.0,0.9511165245635403
1037,260.0,0.952717562048382
1038,260.0,0.952717562048382
1039,260.0,0.952717562048382
1040,261.0,0.9518473406414941
1041,261.0,0.9553557343429563
1042,261.0,0.9513038014451775
1043,261.0,0.9533254624163715
1044,262.0,0.9519285424279335
1045,262.0,0.9516583229036295
1046,262.0,0.955545083254791
1047,262.0,0.9535977425928829
1048,263.0,0.9520097442143727
1049,263.0,0.9542236904200094
1050,263.0,0.9528746465598492
1051,263.0,0.9535486913463807
1052,264.0,0.9529841656516443
1053,264.0,0.9554541161655911
1054,264.0,0.9535029846057179
1055,264.0,0.9544775532667663
1056,265.0,0.9533901745838409
1057,265.0,0.9572150299968425
1058,265.0,0.9524033930254477
1059,265.0,0.9548031496062993
1060,266.0,0.953958587088916
1061,266.0,0.9585639727977227
1062,266.0,0.9520892240025134
1063,266.0,0.9553156277090394
1064,267.0,0.952902963865205
1065,267.0,0.953732747804266
1066,267.0,0.9552309142318567
1067,267.0,0.954481243132946
1068,268.0,0.9528217620787658
1069,268.0,0.9544383346425765
1070,268.0,0.9542884071630537
1071,268.0,0.9543633650145313
1072,269.0,0.9530653674380837
1073,269.0,0.9548883998742533
1074,269.0,0.9542884071630537
1075,269.0,0.9545883092394719
1076,270.0,0.9527405602923265
1077,270.0,0.9552896725440806
1078,270.0,0.9531888155827836
1079,270.0,0.9542380877496462
1080,271.0,0.9530653674380837
1081,271.0,0.9556045340050378
1082,271.0,0.9535029846057179
1083,271.0,0.9545526026104734
1084,272.0,0.9523345513601299
1085,272.0,0.9543953451800598
1086,272.0,0.9533459000942507
1087,272.0,0.9538703339882122
1088,273.0,0.9526593585058871
1089,273.0,0.9542812254516889
1090,273.0,0.9541313226515865
1091,273.0,0.9542062681643233
1092,274.0,0.9523345513601299
1093,274.0,0.9535394757494898
1094,274.0,0.9542884071630537
1095,274.0,0.9539137944570935
1096,275.0,0.9527405602923265
1097,275.0,0.953718230310637
1098,275.0,0.9549167452089224
1099,275.0,0.9543171114599686
1100,276.0,0.9519285424279335
1101,276.0,0.9543594586087504
1102,276.0,0.9525604775369149
1103,276.0,0.9534591194968554
1104,277.0,0.9527405602923265
1105,277.0,0.953718230310637
1106,277.0,0.9549167452089224
1107,277.0,0.9543171114599686
1108,278.0,0.9523345513601299
1109,278.0,0.9546813532651456
1110,278.0,0.9530317310713163
1111,278.0,0.9538558289442653
1112,279.0,0.952090946000812
1113,279.0,0.9553768527278461
1114,279.0,0.951775054979579
1115,279.0,0.9535725527226944
1116,280.0,0.9546082013804303
1117,280.0,0.9540265832681782
1118,280.0,0.9583726044612001
1119,280.0,0.9561946555912545
1120,281.0,0.9536337799431588
1121,281.0,0.9546524399811706
1122,281.0,0.9557021677662583
1123,281.0,0.9551770154643222
1124,282.0,0.9533089727974016
1125,282.0,0.9553388897625413
1126,282.0,0.9542884071630537
1127,282.0,0.9548133595284872
1128,283.0,0.9535525781567195
1129,283.0,0.9552168447517285
1130,283.0,0.9549167452089224
1131,283.0,0.9550667714061272
1132,284.0,0.9536337799431588
1133,284.0,0.9547951655940983
1134,284.0,0.955545083254791
1135,284.0,0.9551699772316872
1136,285.0,0.9532277710109622
1137,285.0,0.9566246056782335
1138,285.0,0.952717562048382
1139,285.0,0.9546670864158665
1140,286.0,0.9537961835160373
1141,286.0,0.9543815645085436
1142,286.0,0.956330505812127
1143,286.0,0.9553550411926246
1144,287.0,0.9533089727974016
1145,287.0,0.9557689280654809
1146,287.0,0.9538171536286523
1147,287.0,0.9547920433996383
1148,288.0,0.9618351603735282
1149,288.0,0.9607689903094717
1150,288.0,0.96559849198869
1151,288.0,0.9631776872453776
1152,289.0,0.9592367032074706
1153,289.0,0.959417110623629
1154,289.0,0.9618284637134779
1155,289.0,0.9606212739253216
1156,290.0,0.9609419407226959
1157,290.0,0.9605572077007356
1158,290.0,0.9640276468740182
1159,290.0,0.9622892983143865
1160,291.0,0.9616727568006496
1161,291.0,0.9607567229518449
1162,291.0,0.9652843229657556
1163,291.0,0.9630152013790941
1164,292.0,0.9602111246447422
1165,292.0,0.9600689007203257
1166,292.0,0.9630851398052152
1167,292.0,0.9615746549560852
1168,293.0,0.9610231425091352
1169,293.0,0.9605633802816902
1170,293.0,0.9641847313854854
1171,293.0,0.962370649106303
1172,294.0,0.9615915550142103
1173,294.0,0.9590278859635457
1174,294.0,0.9670122525918945
1175,294.0,0.9630035197497067
1176,295.0,0.9610231425091352
1177,295.0,0.9607075767063243
1178,295.0,0.9640276468740182
1179,295.0,0.9623647483142543
1180,296.0,0.9604547300040601
1181,296.0,0.9603758809710259
1182,296.0,0.9632422243166824
1183,296.0,0.9618069171045409
1184,297.0,0.9602923264311815
1185,297.0,0.960075152653828
1186,297.0,0.9632422243166824
1187,297.0,0.9616560809221361
1188,298.0,0.9610231425091352
1189,298.0,0.9611407082419304
1190,298.0,0.9635563933396167
1191,298.0,0.9623470348289928
1192,299.0,0.9604547300040601
1193,299.0,0.9608089042169619
1194,299.0,0.9627709707822809
1195,299.0,0.9617889368379757
1196,300.0,0.9604547300040601
1197,300.0,0.9608089042169619
1198,300.0,0.9627709707822809
1199,300.0,0.9617889368379757
1200,301.0,0.9609419407226959
1201,301.0,0.9584047359401776
1202,301.0,0.9663839145460258
1203,301.0,0.9623777864685177
1204,302.0,0.9600487210718636
1205,302.0,0.9597683155917345
1206,302.0,0.9630851398052152
1207,302.0,0.9614238670221107
1208,303.0,0.9594803085667885
1209,303.0,0.9590048505711156
1210,303.0,0.9627709707822809
1211,303.0,0.9608842204280003
1212,304.0,0.9610231425091352
1213,304.0,0.960275258054426
1214,304.0,0.9644989004084197
1215,304.0,0.9623824451410657
1216,305.0,0.9614291514413317
1217,305.0,0.960882491002973
1218,305.0,0.9646559849198869
1219,305.0,0.9627655404875756
1220,306.0,0.9610231425091352
1221,306.0,0.9604192740926157
1222,306.0,0.9643418158969526
1223,306.0,0.9623765480482833
1224,307.0,0.9608607389362566
1225,307.0,0.9621426327364122
1226,307.0,0.9621426327364122
1227,307.0,0.9621426327364122
1228,308.0,0.9612667478684531
1229,308.0,0.9615927261326227
1230,308.0,0.9635563933396167
1231,308.0,0.9625735582581405
1232,309.0,0.961510353227771
1233,309.0,0.9590215020255531
1234,309.0,0.9668551680804273
1235,309.0,0.9629224030037548
1236,310.0,0.9607795371498173
1237,310.0,0.9608334638884537
1238,310.0,0.9633993088281495
1239,310.0,0.9621146756608362
1240,311.0,0.9610231425091352
1241,311.0,0.9599874960925289
1242,311.0,0.964813069431354
1243,311.0,0.9623942337825132
1244,312.0,0.9615915550142103
1245,312.0,0.9624862658923246
1246,312.0,0.9632422243166824
1247,312.0,0.9628640967260736
1248,313.0,0.9611043442955745
1249,313.0,0.9575625680087051
1250,313.0,0.9676405906377631
1251,313.0,0.9625752011875928
1252,314.0,0.9606171335769387
1253,314.0,0.9588079263535653
1254,314.0,0.9652843229657556
1255,314.0,0.9620352250489237
1256,315.0,0.9606171335769387
1257,315.0,0.9586647948837935
1258,315.0,0.9654414074772227
1259,315.0,0.9620411677232527
1260,316.0,0.9605359317904993
1261,316.0,0.9611041405269761
1262,316.0,0.9626138862708137
1263,316.0,0.9618584209700204
1264,317.0,0.9593179049939099
1265,317.0,0.956704563152157
1266,317.0,0.9649701539428213
1267,317.0,0.9608195823883632
1268,318.0,0.9600487210718636
1269,318.0,0.9580474111041797
1270,318.0,0.9649701539428213
1271,318.0,0.9614963218030991
1272,319.0,0.9600487210718636
1273,319.0,0.9631031220435194
1274,319.0,0.9594721960414703
1275,319.0,0.9612842304060436
1276,320.0,0.9611043442955745
1277,320.0,0.9624509033778476
1278,320.0,0.9622997172478793
1279,320.0,0.9623753043751473
1280,321.0,0.9602923264311815
1281,321.0,0.9609411764705882
1282,321.0,0.9622997172478793
1283,321.0,0.9616199670355544
1284,322.0,0.9604547300040601
1285,322.0,0.9613875372782923
1286,322.0,0.9621426327364122
1287,322.0,0.9617649367983042
1288,323.0,0.9595615103532278
1289,323.0,0.9578651685393258
1290,323.0,0.9641847313854854
1291,323.0,0.9610145608266792
1292,324.0,0.9602923264311815
1293,324.0,0.9603634654551152
1294,324.0,0.962928055293748
1295,324.0,0.9616440505137658
1296,325.0,0.9604547300040601
1297,325.0,0.9608089042169619
1298,325.0,0.9627709707822809
1299,325.0,0.9617889368379757
1300,326.0,0.9585870889159561
1301,326.0,0.9576430134417006
1302,326.0,0.9624568017593466
1303,326.0,0.9600438733939204
1304,327.0,0.9591555014210312
1305,327.0,0.9640652208326738
1306,327.0,0.9566446748350612
1307,327.0,0.9603406134195378
1308,328.0,0.9573690621193667
1309,328.0,0.9565421291230264
1310,328.0,0.9612001256676092
1311,328.0,0.958865470500666
1312,329.0,0.9599675192854242
1313,329.0,0.958183804025589
1314,329.0,0.9646559849198869
1315,329.0,0.9614090019569472
1316,330.0,0.9596427121396671
1317,330.0,0.9613268354032385
1318,330.0,0.9605717876217404
1319,330.0,0.9609491631963543
1320,331.0,0.9597239139261063
1321,331.0,0.9611879321181647
1322,331.0,0.9608859566446748
1323,331.0,0.9610369206598586
1324,332.0,0.9602923264311815
1325,332.0,0.9590688954850805
1326,332.0,0.9643418158969526
1327,332.0,0.9616981279862145
1328,333.0,0.9578562728380025
1329,333.0,0.9603212092583845
1330,333.0,0.9580584354382657
1331,333.0,0.9591884878509083
1332,334.0,0.9592367032074706
1333,334.0,0.960861364350833
1334,334.0,0.9602576185988062
1335,334.0,0.9605593966059082
1336,335.0,0.9585058871295169
1337,335.0,0.959937156323645
1338,335.0,0.9597863650644046
1339,335.0,0.9598617547718169
1340,336.0,0.9593179049939099
1341,336.0,0.9559944021147566
1342,336.0,0.9657555765001571
1343,336.0,0.9608501992654529
1344,337.0,0.9619163621599676
1345,337.0,0.9614963218030991
1346,337.0,0.9649701539428213
1347,337.0,0.9632301058408467
1348,338.0,0.9596427121396671
1349,338.0,0.959592795614722
1350,338.0,0.9624568017593466
1351,338.0,0.9610226648890283
1352,339.0,0.9604547300040601
1353,339.0,0.959225121074832
1354,339.0,0.9644989004084197
1355,339.0,0.9618547818594816
1356,340.0,0.9602923264311815
1357,340.0,0.9599311316324933
1358,340.0,0.9633993088281495
1359,340.0,0.9616620932967463
1360,341.0,0.9607795371498173
1361,341.0,0.9622819424799622
1362,341.0,0.9618284637134779
1363,341.0,0.9620551496582607
1364,342.0,0.9611043442955745
1365,342.0,0.9617254901960784
1366,342.0,0.9630851398052152
1367,342.0,0.9624048347853387
1368,343.0,0.9584246853430776
1369,343.0,0.9583463827121829
1370,343.0,0.9613572101790764
1371,343.0,0.9598494353826851
1372,344.0,0.9597239139261063
1373,344.0,0.9601756036375039
1374,344.0,0.961985548224945
1375,344.0,0.9610797237915881
1376,345.0,0.9594803085667885
1377,345.0,0.9605903595540901
1378,345.0,0.961043041156142
1379,345.0,0.9608166470357283
1380,346.0,0.9597239139261063
1381,346.0,0.9595991230817413
1382,346.0,0.9626138862708137
1383,346.0,0.9611041405269761
1384,347.0,0.9583434835566382
1385,347.0,0.9602138701053625
1386,347.0,0.9591580270185359
1387,347.0,0.9596856581532417
1388,348.0,0.9599675192854242
1389,348.0,0.9610613911132045
1390,348.0,0.9615142946905435
1391,348.0,0.9612877895563406
1392,349.0,0.9585058871295169
1393,349.0,0.9597926810114654
1394,349.0,0.9599434495758719
1395,349.0,0.959868059373282
1396,350.0,0.959074299634592
1397,350.0,0.95796875
1398,350.0,0.9630851398052152
1399,350.0,0.9605201315995614
1400,351.0,0.9585058871295169
1401,351.0,0.955783901603612
1402,351.0,0.9643418158969526
1403,351.0,0.9600437876299945
1404,352.0,0.9607795371498173
1405,352.0,0.9592505854800937
1406,352.0,0.9651272384542884
1407,352.0,0.9621799389241249
1408,353.0,0.9605359317904993
1409,353.0,0.9595185995623632
1410,353.0,0.9643418158969526
1411,353.0,0.9619241617047947
1412,354.0,0.9612667478684531
1413,354.0,0.9595754643358826
1414,354.0,0.9657555765001571
1415,354.0,0.962655601659751
1416,355.0,0.9611855460820138
1417,355.0,0.9607198748043818
1418,355.0,0.9643418158969526
1419,355.0,0.96252743806836
1420,356.0,0.9611855460820138
1421,356.0,0.9597126795752654
1422,356.0,0.9654414074772227
1423,356.0,0.9625685199686765
1424,357.0,0.9612667478684531
1425,357.0,0.9618823529411765
1426,357.0,0.9632422243166824
1427,357.0,0.9625618083352956
1428,358.0,0.9603735282176208
1429,358.0,0.9596496715670941
1430,358.0,0.9638705623625511
1431,358.0,0.9617554858934169
1432,359.0,0.9603735282176208
1433,359.0,0.9596496715670941
1434,359.0,0.9638705623625511
1435,359.0,0.9617554858934169
1436,360.0,0.9608607389362566
1437,360.0,0.9591136079900124
1438,360.0,0.9654414074772227
1439,360.0,0.9622671050571473
1440,361.0,0.960698335363378
1441,361.0,0.9606829573934837
1442,361.0,0.9633993088281495
1443,361.0,0.9620392156862745
1444,362.0,0.9603735282176208
1445,362.0,0.9609473023839398
1446,362.0,0.9624568017593466
1447,362.0,0.9617014597394444
1448,363.0,0.9609419407226959
1449,363.0,0.9595502108386694
1450,363.0,0.9651272384542884
1451,363.0,0.9623306445297204
1452,364.0,0.960698335363378
1453,364.0,0.9598186366479049
1454,364.0,0.9643418158969526
1455,364.0,0.9620749098887321
1456,365.0,0.9607795371498173
1457,365.0,0.9593940340465407
1458,365.0,0.9649701539428213
1459,365.0,0.9621740151930456
1460,366.0,0.9602111246447422
1461,366.0,0.961659333752357
1462,366.0,0.9613572101790764
1463,366.0,0.9615082482325217
1464,367.0,0.9587494924888348
1465,367.0,0.9598116169544741
1466,367.0,0.9604147031102733
1467,367.0,0.9601130653266332
1468,368.0,0.960698335363378
1469,368.0,0.9598186366479049
1470,368.0,0.9643418158969526
1471,368.0,0.9620749098887321
1472,369.0,0.9615915550142103
1473,369.0,0.9606065343129592
1474,369.0,0.9652843229657556
1475,369.0,0.962939747708219
1476,370.0,0.9611043442955745
1477,370.0,0.9597063876307981
1478,370.0,0.9652843229657556
1479,370.0,0.9624872738663952
1480,371.0,0.9594803085667885
1481,371.0,0.9572876071706937
1482,371.0,0.9646559849198869
1483,371.0,0.9609576715436976
1484,372.0,0.9610231425091352
1485,372.0,0.960275258054426
1486,372.0,0.9644989004084197
1487,372.0,0.9623824451410657
1488,373.0,0.9619163621599676
1489,373.0,0.9610633307271306
1490,373.0,0.9654414074772227
1491,373.0,0.9632473944048273
1492,374.0,0.9615915550142103
1493,374.0,0.9614722004698513
1494,374.0,0.9643418158969526
1495,374.0,0.9629048702062584
1496,375.0,0.960698335363378
1497,375.0,0.9575295581829496
1498,375.0,0.9668551680804273
1499,375.0,0.9621697670783179
1500,376.0,0.9608607389362566
1501,376.0,0.9608395989974937
1502,376.0,0.9635563933396167
1503,376.0,0.9621960784313726
1504,377.0,0.9606171335769387
1505,377.0,0.9598123534010946
1506,377.0,0.9641847313854854
1507,377.0,0.9619935741713033
1508,378.0,0.9599675192854242
1509,378.0,0.9578980196475908
1510,378.0,0.9649701539428213
1511,378.0,0.9614210814617732
1512,379.0,0.9591555014210312
1513,379.0,0.9565488241706899
1514,379.0,0.964813069431354
1515,379.0,0.960663173535622
1516,380.0,0.9615915550142103
1517,380.0,0.961038961038961
1518,380.0,0.964813069431354
1519,380.0,0.9629223171592067
1520,381.0,0.9608607389362566
1521,381.0,0.9598311972491403
1522,381.0,0.9646559849198869
1523,381.0,0.9622375430899404
1524,382.0,0.960698335363378
1525,382.0,0.9601063829787234
1526,382.0,0.9640276468740182
1527,382.0,0.9620630192820191
1528,383.0,0.9589930978481527
1529,383.0,0.9620053602396342
1530,383.0,0.9585296889726673
1531,383.0,0.9602643795735306
1532,384.0,0.9856272838002436
1533,384.0,0.9855640985407187
1534,384.0,0.9866478165252907
1535,384.0,0.9861056597849125
1536,385.0,0.9839220462850182
1537,385.0,0.9839924670433146
1538,385.0,0.9849198868991518
1539,385.0,0.9844559585492227
1540,386.0,0.983840844498579
1541,386.0,0.983686274509804
1542,386.0,0.9850769714106189
1543,386.0,0.9843811317792953
1544,387.0,0.9843280552172148
1545,387.0,0.9846129690689276
1546,387.0,0.9850769714106189
1547,387.0,0.984844915586965
1548,388.0,0.9847340641494113
1549,388.0,0.9849293563579278
1550,388.0,0.9855482249450204
1551,388.0,0.9852386934673366
1552,389.0,0.9847340641494113
1553,389.0,0.9853865493400377
1554,389.0,0.9850769714106189
1555,389.0,0.9852317360565593
1556,390.0,0.9828664230613073
1557,390.0,0.9819890368050117
1558,390.0,0.9849198868991518
1559,390.0,0.9834522782526861
1560,391.0,0.985464880227365
1561,391.0,0.9855595667870036
1562,391.0,0.9863336475023563
1563,391.0,0.985946455209233
1564,392.0,0.9823792123426716
1565,392.0,0.9815191855912294
1566,392.0,0.9844486333647502
1567,392.0,0.9829817269233786
1568,393.0,0.982785221274868
1569,393.0,0.9836529393272556
1570,393.0,0.9830348727615457
1571,393.0,0.9833438089252042
1572,394.0,0.9832724319935039
1573,394.0,0.9836683417085427
1574,394.0,0.9839773798303487
1575,394.0,0.9838228365007068
1576,395.0,0.983028826634186
1577,395.0,0.9825991534723311
1578,395.0,0.9846057178762174
1579,395.0,0.9836014123185562
1580,396.0,0.9831912302070646
1581,396.0,0.9838177533385704
1582,396.0,0.9836632108074144
1583,396.0,0.9837404760034562
1584,397.0,0.9814859926918392
1585,397.0,0.9830028328611898
1586,397.0,0.9811498586239397
1587,397.0,0.9820754716981132
1588,398.0,0.982785221274868
1589,398.0,0.983957219251337
1590,398.0,0.9827207037386114
1591,398.0,0.9833385727758567
1592,399.0,0.9810799837596427
1593,399.0,0.9811705633139809
1594,399.0,0.9822494502042098
1595,399.0,0.9817097103383311
1596,400.0,0.9849776695087292
1597,400.0,0.9853934348986964
1598,400.0,0.9855482249450204
1599,400.0,0.985470823843556
1600,401.0,0.9840032480714576
1601,401.0,0.984298948029518
1602,401.0,0.9847628023876845
1603,401.0,0.9845308205732234
1604,402.0,0.984652862362972
1605,402.0,0.9838633871220429
1606,402.0,0.9864907320138234
1607,402.0,0.9851753078672837
1608,403.0,0.9842468534307754
1609,403.0,0.9849151477058454
1610,403.0,0.9846057178762174
1611,403.0,0.9847604084838963
1612,404.0,0.9849776695087292
1613,404.0,0.9846322722283205
1614,404.0,0.9863336475023563
1615,404.0,0.9854822255355882
1616,405.0,0.9828664230613073
1617,405.0,0.9833516569813099
1618,405.0,0.9835061262959472
1619,405.0,0.9834288855729209
1620,406.0,0.9840032480714576
1621,406.0,0.9852131508573226
1622,406.0,0.9838202953188816
1623,406.0,0.9845162304487936
1624,407.0,0.9840844498578969
1625,407.0,0.9838456712672522
1626,407.0,0.9853911404335532
1627,407.0,0.9846177994035473
1628,408.0,0.9829476248477467
1629,408.0,0.9824451410658307
1630,408.0,0.9846057178762174
1631,408.0,0.9835242428997333
1632,409.0,0.9818107998375964
1633,409.0,0.9814989024772656
1634,409.0,0.98334904178448
1635,409.0,0.9824231010671688
1636,410.0,0.9823792123426716
1637,410.0,0.9819720959398025
1638,410.0,0.9839773798303487
1639,410.0,0.9829737151824245
1640,411.0,0.9799431587494924
1641,411.0,0.9796206301928202
1642,411.0,0.9816211121583411
1643,411.0,0.9806198509219302
1644,412.0,0.983028826634186
1645,412.0,0.9835087168211089
1646,412.0,0.9836632108074144
1647,412.0,0.983585957747585
1648,413.0,0.9805927730410069
1649,413.0,0.9793459552495697
1650,413.0,0.9831919572730129
1651,413.0,0.9812651877400642
1652,414.0,0.9815671944782786
1653,414.0,0.9811882740241417
1654,414.0,0.9831919572730129
1655,414.0,0.9821890937622597
1656,415.0,0.9764514819326026
1657,415.0,0.9758771929824561
1658,415.0,0.978636506440465
1659,415.0,0.9772549019607844
1660,416.0,0.9847340641494113
1661,416.0,0.9843211037942928
1662,416.0,0.9861765629908891
1663,416.0,0.9852479598242311
1664,417.0,0.9834348355663824
1665,417.0,0.9838253768844221
1666,417.0,0.984134464341816
1667,417.0,0.9839798963405058
1668,418.0,0.9840032480714576
1669,418.0,0.9839949788168837
1670,418.0,0.9850769714106189
1671,418.0,0.9845356778397049
1672,419.0,0.983840844498579
1673,419.0,0.9829287392325764
1674,419.0,0.9858623939679547
1675,419.0,0.9843933809113011
1676,420.0,0.9850588712951684
1677,420.0,0.985243328100471
1678,420.0,0.9858623939679547
1679,420.0,0.9855527638190956
1680,421.0,0.9835972391392611
1681,421.0,0.984134464341816
1682,421.0,0.984134464341816
1683,421.0,0.984134464341816
1684,422.0,0.9824604141291109
1685,422.0,0.9834905660377359
1686,422.0,0.9825636192271442
1687,422.0,0.983026874115983
1688,423.0,0.9810799837596427
1689,423.0,0.9822299103632647
1690,423.0,0.9811498586239397
1691,423.0,0.9816895874263262
1692,424.0,0.9834348355663824
1693,424.0,0.9838253768844221
1694,424.0,0.984134464341816
1695,424.0,0.9839798963405058
1696,425.0,0.9818920016240358
1697,425.0,0.9824092979425161
1698,425.0,0.9825636192271442
1699,425.0,0.9824864525249353
1700,426.0,0.9828664230613073
1701,426.0,0.9836555084079837
1702,426.0,0.9831919572730129
1703,426.0,0.9834236782150994
1704,427.0,0.9817295980511571
1705,427.0,0.9816470588235294
1706,427.0,0.9830348727615457
1707,427.0,0.9823404756298565
1708,428.0,0.9814859926918392
1709,428.0,0.981789638932496
1710,428.0,0.9824065347156771
1711,428.0,0.9820979899497487
1712,429.0,0.9822168087697929
1713,429.0,0.9825718323127649
1714,429.0,0.9830348727615457
1715,429.0,0.9828032979976442
1716,430.0,0.9809175801867641
1717,430.0,0.9826798929302472
1718,430.0,0.9803644360666038
1719,430.0,0.9815207989305653
1720,431.0,0.978725131952903
1721,431.0,0.9786700125470514
1722,431.0,0.9802073515551367
1723,431.0,0.9794380787945377
1724,432.0,0.9844092570036541
1725,432.0,0.9846153846153847
1726,432.0,0.9852340559220861
1727,432.0,0.9849246231155779
1728,433.0,0.983840844498579
1729,433.0,0.984446190102121
1730,433.0,0.9842915488532831
1731,433.0,0.9843688634042888
1732,434.0,0.9835972391392611
1733,434.0,0.9845911949685534
1734,434.0,0.9836632108074144
1735,434.0,0.9841269841269841
1736,435.0,0.9810799837596427
1737,435.0,0.9817753338570306
1738,435.0,0.9816211121583411
1739,435.0,0.9816982169507502
1740,436.0,0.9827040194884288
1741,436.0,0.9831945971415109
1742,436.0,0.98334904178448
1743,436.0,0.9832718133982565
1744,437.0,0.9823792123426716
1745,437.0,0.982880477461913
1746,437.0,0.9830348727615457
1747,437.0,0.982957669048928
1748,438.0,0.9816483962647178
1749,438.0,0.9813421135152085
1750,438.0,0.9831919572730129
1751,438.0,0.9822661644695543
1752,439.0,0.9800243605359318
1753,439.0,0.9791731913560915
1754,439.0,0.9822494502042098
1755,439.0,0.9807089084065245
1756,440.0,0.9836784409257003
1757,440.0,0.9832262110048597
1758,440.0,0.9852340559220861
1759,440.0,0.9842291094546882
1760,441.0,0.9818920016240358
1761,441.0,0.9822578112733553
1762,441.0,0.9827207037386114
1763,441.0,0.9824892029839026
1764,442.0,0.9794559480308567
1765,442.0,0.9794509803921568
1766,442.0,0.9808356896010053
1767,442.0,0.9801428459304606
1768,443.0,0.9796995533901746
1769,443.0,0.9796110414052698
1770,443.0,0.9811498586239397
1771,443.0,0.980379846177994
1772,444.0,0.9814047909053999
1773,444.0,0.9822410812509822
1774,444.0,0.9817781966698084
1775,444.0,0.9820095844135438
1776,445.0,0.9798619569630532
1777,445.0,0.9797678795483061
1778,445.0,0.9813069431354069
1779,445.0,0.98053680740857
1780,446.0,0.9807551766138856
1781,446.0,0.9820670127418594
1782,446.0,0.9806786050895382
1783,446.0,0.9813723178495638
1784,447.0,0.978725131952903
1785,447.0,0.9785199121981812
1786,447.0,0.9803644360666038
1787,447.0,0.9794413057124921
1788,448.0,0.9840032480714576
1789,448.0,0.9836913909361769
1790,448.0,0.9853911404335532
1791,448.0,0.9845405320568155
1792,449.0,0.983028826634186
1793,449.0,0.9822967256775811
1794,449.0,0.9849198868991518
1795,449.0,0.9836065573770492
1796,450.0,0.9821356069833537
1797,450.0,0.9825690954773869
1798,450.0,0.9828777882500785
1799,450.0,0.982723417622114
1800,451.0,0.9825416159155501
1801,451.0,0.983037537301712
1802,451.0,0.9831919572730129
1803,451.0,0.9831147412235922
1804,452.0,0.9835160373528218
1805,452.0,0.983220950290105
1806,452.0,0.9849198868991518
1807,452.0,0.9840696853174292
1808,453.0,0.9816483962647178
1809,453.0,0.9810404261986838
1810,453.0,0.9835061262959472
1811,453.0,0.9822717288986508
1812,454.0,0.9827040194884288
1813,454.0,0.9827396830378158
1814,454.0,0.9838202953188816
1815,454.0,0.9832796922835387
1816,455.0,0.9818107998375964
1817,455.0,0.9821036106750393
1818,455.0,0.9827207037386114
1819,455.0,0.9824120603015075
1820,456.0,0.9820544051969143
1821,456.0,0.9831734549457462
1822,456.0,0.9820923656927427
1823,456.0,0.9826326129666012
1824,457.0,0.9804303694681283
1825,457.0,0.9796397807361003
1826,457.0,0.9825636192271442
1827,457.0,0.9810995216061484
1828,458.0,0.9810799837596427
1829,458.0,0.9810196078431372
1830,458.0,0.9824065347156771
1831,458.0,0.9817125814300292
1832,459.0,0.9806739748274462
1833,459.0,0.9828238260321462
1834,459.0,0.9797360980207351
1835,459.0,0.9812775330396475
1836,460.0,0.9816483962647178
1837,460.0,0.9824010056568196
1838,460.0,0.9820923656927427
1839,460.0,0.9822466614296936
1840,461.0,0.9794559480308567
1841,461.0,0.9793006115728399
1842,461.0,0.9809927741124725
1843,461.0,0.9801459624892097
1844,462.0,0.9814047909053999
1845,462.0,0.9811823741571272
1846,462.0,0.9828777882500785
1847,462.0,0.982029349446755
1848,463.0,0.9785627283800243
1849,463.0,0.9782131661442006
1850,463.0,0.9803644360666038
1851,463.0,0.9792876196453789
1852,464.0,0.9831912302070646
1853,464.0,0.9835138954309939
1854,464.0,0.9839773798303487
1855,464.0,0.9837455830388693
1856,465.0,0.9832724319935039
1857,465.0,0.9833647206528563
1858,465.0,0.9842915488532831
1859,465.0,0.9838279164704036
1860,466.0,0.9831100284206252
1861,466.0,0.9824506424318395
1862,466.0,0.9849198868991518
1863,466.0,0.9836837150925636
1864,467.0,0.9809987819732034
1865,467.0,0.9808657465495608
1866,467.0,0.9824065347156771
1867,467.0,0.9816355360226025
1868,468.0,0.9822168087697929
1869,468.0,0.9815133949553502
1870,468.0,0.984134464341816
1871,468.0,0.9828221821319321
1872,469.0,0.9806739748274462
1873,469.0,0.9786004373633239
1874,469.0,0.984134464341816
1875,469.0,0.981359649122807
1876,470.0,0.9812423873325213
1877,470.0,0.9811764705882353
1878,470.0,0.9825636192271442
1879,470.0,0.9818695549799858
1880,471.0,0.981973203410475
1881,471.0,0.980450422270879
1882,471.0,0.9847628023876845
1883,471.0,0.9826018808777429
1884,472.0,0.9821356069833537
1885,472.0,0.9824175824175824
1886,472.0,0.9830348727615457
1887,472.0,0.9827261306532663
1888,473.0,0.9809987819732034
1889,473.0,0.9810166300596171
1890,473.0,0.9822494502042098
1891,473.0,0.9816326530612244
1892,474.0,0.9810799837596427
1893,474.0,0.9814727586748312
1894,474.0,0.9819352811812755
1895,474.0,0.9817039654495484
1896,475.0,0.9799431587494924
1897,475.0,0.9797710522189117
1898,475.0,0.981464027646874
1899,475.0,0.9806168092285961
1900,476.0,0.9817295980511571
1901,476.0,0.9825553983969826
1902,476.0,0.9820923656927427
1903,476.0,0.9823238274805562
1904,477.0,0.9780755176613886
1905,477.0,0.977742946708464
1906,477.0,0.9798931825322024
1907,477.0,0.9788168837282285
1908,478.0,0.9798619569630532
1909,478.0,0.9812775330396476
1910,478.0,0.9797360980207351
1911,478.0,0.9805062097154535
1912,479.0,0.9782379212342671
1913,479.0,0.9813703820650458
1914,479.0,0.9764373232799246
1915,479.0,0.9788976377952757
1916,480.0,0.9818107998375964
1917,480.0,0.9818010668340131
1918,480.0,0.9830348727615457
1919,480.0,0.9824175824175824
1920,481.0,0.9822980105562322
1921,481.0,0.9822717288986508
1922,481.0,0.9835061262959472
1923,481.0,0.9828885400313973
1924,482.0,0.9817295980511571
1925,482.0,0.9821008007536505
1926,482.0,0.9825636192271442
1927,482.0,0.9823321554770319
1928,483.0,0.9814047909053999
1929,483.0,0.9805794831636648
1930,483.0,0.9835061262959472
1931,483.0,0.9820406242647637
1932,484.0,0.9821356069833537
1933,484.0,0.982872407291012
1934,484.0,0.9825636192271442
1935,484.0,0.9827179890023567
1936,485.0,0.9796995533901746
1937,485.0,0.9805153991200503
1938,485.0,0.9802073515551367
1939,485.0,0.9803613511390417
1940,486.0,0.9816483962647178
1941,486.0,0.9825526563973593
1942,486.0,0.9819352811812755
1943,486.0,0.9822438717787555
1944,487.0,0.9790499390986601
1945,487.0,0.9782336360789227
1946,487.0,0.9813069431354069
1947,487.0,0.9797678795483062
1948,488.0,0.9812423873325213
1949,488.0,0.9819324430479183
1950,488.0,0.9817781966698084
1951,488.0,0.9818553138009583
1952,489.0,0.9798619569630532
1953,489.0,0.980521520578071
1954,489.0,0.980521520578071
1955,489.0,0.980521520578071
1956,490.0,0.9801055623223711
1957,490.0,0.980078431372549
1958,490.0,0.981464027646874
1959,490.0,0.9807707401302881
1960,491.0,0.9774259033698741
1961,491.0,0.9759224515322076
1962,491.0,0.980521520578071
1963,491.0,0.97821658047328
1964,492.0,0.9805927730410069
1965,492.0,0.9800971634540041
1966,492.0,0.9824065347156771
1967,492.0,0.981250490311446
1968,493.0,0.9779131140885099
1969,493.0,0.9775862068965517
1970,493.0,0.9797360980207351
1971,493.0,0.978659971755845
1972,494.0,0.9789687373122209
1973,494.0,0.9783800720664264
1974,494.0,0.9809927741124725
1975,494.0,0.9796846811514628
1976,495.0,0.9767762890783597
1977,495.0,0.9757433489827856
1978,495.0,0.9794219289978008
1979,495.0,0.9775791784258387
1980,496.0,0.9827040194884288
1981,496.0,0.9830428638718794
1982,496.0,0.9835061262959472
1983,496.0,0.9832744405182567
1984,497.0,0.9814859926918392
1985,497.0,0.9805825242718447
1986,497.0,0.9836632108074144
1987,497.0,0.982120451693852
1988,498.0,0.9821356069833537
1989,498.0,0.9819636135508155
1990,498.0,0.9835061262959472
1991,498.0,0.9827342646366348
1992,499.0,0.9796995533901746
1993,499.0,0.9767695665731213
1994,499.0,0.984134464341816
1995,499.0,0.9804381846635368
1996,500.0,0.9814859926918392
1997,500.0,0.9811853245531514
1998,500.0,0.9830348727615457
1999,500.0,0.9821092278719397
2000,501.0,0.9798619569630532
2001,501.0,0.9793168285803823
2002,501.0,0.9817781966698084
2003,501.0,0.9805459679949796
2004,502.0,0.9777507105156313
2005,502.0,0.9783291457286433
2006,502.0,0.978636506440465
2007,502.0,0.978482801947542
2008,503.0,0.979537149817296
2009,503.0,0.9800565326633166
2010,503.0,0.9803644360666038
2011,503.0,0.9802104601853306
2012,504.0,0.9773447015834348
2013,504.0,0.9762165545298075
2014,504.0,0.9800502670436695
2015,504.0,0.9781296543074389
2016,505.0,0.9794559480308567
2017,505.0,0.979902653477783
2018,505.0,0.9803644360666038
2019,505.0,0.9801334903808402
2020,506.0,0.9782379212342671
2021,506.0,0.9783495450266708
2022,506.0,0.979579013509268
2023,506.0,0.9789638932496076
2024,507.0,0.9762078765732846
2025,507.0,0.9734913457040387
2026,507.0,0.9806786050895382
2027,507.0,0.9770717583535488
2028,508.0,0.9809987819732034
2029,508.0,0.9810166300596171
2030,508.0,0.9822494502042098
2031,508.0,0.9816326530612244
2032,509.0,0.9771010962241169
2033,509.0,0.9766530868066436
2034,509.0,0.9791077599748664
2035,509.0,0.9778788829620332
2036,510.0,0.9775071051563134
2037,510.0,0.9769700767664108
2038,510.0,0.979579013509268
2039,510.0,0.9782728057102519
2040,511.0,0.9781567194478279
2041,511.0,0.9784963114110815
2042,511.0,0.9792648444863337
2043,511.0,0.9788804271021435
